date,city,avg_NO2
2020-11-25,Paris,36.22
2020-11-26,Paris,47.38
2020-11-27,Paris,33.4
2020-11-28,Paris,37.32
2020-11-29,Paris,41.37
2020-11-30,Paris,57.55
2020-12-01,Paris,29.6
2020-12-02,Paris,41.64
2020-12-03,Paris,21.61
2020-12-04,Paris,22.87
2020-12-05,Paris,16.39
2020-12-06,Paris,36.19
2020-12-07,Paris,38.6
2020-12-08,Paris,39.41
2020-12-09,Paris,37.76
2020-12-10,Paris,29.5
2020-12-11,Paris,24.76
2020-12-12,Paris,26.66
2020-12-13,Paris,21.2
2020-12-14,Paris,24.84
2020-12-15,Paris,26.1
2020-12-16,Paris,25.26
2020-12-17,Paris,27.3
2020-12-18,Paris,26.33
2020-12-19,Paris,17.68
2020-12-20,Paris,21.88
2020-12-21,Paris,17.63
2020-12-22,Paris,15.58
2020-12-23,Paris,16.02
2020-12-24,Paris,26.78
2020-12-25,Paris,41.23
2020-12-26,Paris,35.13
2020-12-27,Paris,11.98
2020-12-28,Paris,24.16
2020-12-29,Paris,34.02
2020-12-30,Paris,35.34
2020-12-31,Paris,42.87
2021-01-01,Paris,75.14
2021-01-02,Paris,58.46
2021-01-03,Paris,42.73
2021-01-04,Paris,30.73
2021-01-05,Paris,35.47
2021-01-06,Paris,37.34
2021-01-07,Paris,58.56
2021-01-08,Paris,93.11
2021-01-09,Paris,39.08
2021-01-10,Paris,53.42
2021-01-11,Paris,51.33
2021-01-12,Paris,30.19
2021-01-13,Paris,34.02
2021-01-14,Paris,22.06
2021-01-15,Paris,40.49
2021-01-16,Paris,38.84
2021-01-17,Paris,41.93
2021-01-18,Paris,39.07
2021-01-19,Paris,19.47
2021-01-20,Paris,14.48
2021-01-21,Paris,13.06
2021-01-22,Paris,46.57
2021-01-23,Paris,30.83
2021-01-24,Paris,29.14
2021-01-25,Paris,39.73
2021-01-26,Paris,39.88
2021-01-27,Paris,10.11
2021-01-28,Paris,21.84
2021-01-29,Paris,16.82
2021-01-30,Paris,18.47
2021-01-31,Paris,40.29
2021-02-01,Paris,35.52
2021-02-02,Paris,19.52
2021-02-03,Paris,19.45
2021-02-04,Paris,35.2
2021-02-05,Paris,41.54
2021-02-06,Paris,31.35
2021-02-07,Paris,33.05
2021-02-08,Paris,49.64
2021-02-09,Paris,44.04
2021-02-10,Paris,36.02
2021-02-11,Paris,29.41
2021-02-12,Paris,23.46
2021-02-13,Paris,21.81
2021-02-14,Paris,24.56
2021-02-15,Paris,28.68
2021-02-16,Paris,27.1
2021-02-17,Paris,24.19
2021-02-18,Paris,28.35
2021-02-19,Paris,32.7
2021-02-20,Paris,17.14
2021-02-21,Paris,29.07
2021-02-22,Paris,36.26
2021-02-23,Paris,26.87
2021-02-24,Paris,30.41
2021-02-25,Paris,40.66
2021-02-26,Paris,40.12
2021-02-27,Paris,28.76
2021-02-28,Paris,26.96
2021-03-01,Paris,38.91
2021-03-02,Paris,47.55
2021-03-03,Paris,44.78
2021-03-04,Paris,38.03
2021-03-05,Paris,26.13
2021-03-06,Paris,26.25
2021-03-07,Paris,42.27
2021-03-08,Paris,47.4
2021-03-09,Paris,67.15
2021-03-10,Paris,38.58
2021-03-11,Paris,9.33
2021-03-12,Paris,12.42
2021-03-13,Paris,7.87
2021-03-14,Paris,12.96
2021-03-15,Paris,25.74
2021-03-16,Paris,47.19
2021-03-17,Paris,18.81
2021-03-18,Paris,34.52
2021-03-19,Paris,20.47
2021-03-20,Paris,44.25
2021-03-21,Paris,36.11
2021-03-22,Paris,49.24
2021-03-23,Paris,81.57
2021-03-24,Paris,50.04
2021-03-25,Paris,42.14
2021-03-26,Paris,24.26
2021-03-27,Paris,24.95
2021-03-28,Paris,30.41
2021-03-29,Paris,48.35
2021-03-30,Paris,42.72
2021-03-31,Paris,44.61
2021-04-01,Paris,35.6
2021-04-02,Paris,19.77
2021-04-03,Paris,13.18
2021-04-04,Paris,41.01
2021-04-05,Paris,38.21
2021-04-06,Paris,37.07
2021-04-07,Paris,45.72
2021-04-08,Paris,65.77
2021-04-09,Paris,42.23
2021-04-10,Paris,25.67
2021-04-11,Paris,23.7
2021-04-12,Paris,41.88
2021-04-13,Paris,36.35
2021-04-14,Paris,30.84
2021-04-15,Paris,26.68
2021-04-16,Paris,28.19
2021-04-17,Paris,20.9
2021-04-18,Paris,40.56
2021-04-19,Paris,55.2
2021-04-20,Paris,59.34
2021-04-21,Paris,33.79
2021-04-22,Paris,17.83
2021-04-23,Paris,19.76
2021-04-24,Paris,14.89
2021-04-25,Paris,11.0
2021-04-26,Paris,14.86
2021-04-27,Paris,42.71
2021-04-28,Paris,53.62
2021-04-29,Paris,30.72
2021-04-30,Paris,43.0
2021-05-01,Paris,24.97
2021-05-02,Paris,37.17
2021-05-03,Paris,23.86
2021-05-04,Paris,7.66
2021-05-05,Paris,25.18
2021-05-06,Paris,30.9
2021-05-07,Paris,29.49
2021-05-08,Paris,15.06
2021-05-09,Paris,7.8
2021-05-10,Paris,13.34
2021-05-11,Paris,23.22
2021-05-12,Paris,12.05
2021-05-13,Paris,15.26
2021-05-14,Paris,22.5
2021-05-15,Paris,7.77
2021-05-16,Paris,6.17
2021-05-17,Paris,9.36
2021-05-18,Paris,16.99
2021-05-19,Paris,14.71
2021-05-20,Paris,16.94
2021-05-21,Paris,6.05
2021-05-22,Paris,6.46
2021-05-23,Paris,7.36
2021-05-24,Paris,6.24
2021-05-25,Paris,13.46
2021-05-26,Paris,18.01
2021-05-27,Paris,36.01
2021-05-28,Paris,20.72
2021-05-29,Paris,15.67
2021-05-30,Paris,11.97
2021-05-31,Paris,12.88
2021-06-01,Paris,12.9
2021-06-02,Paris,18.04
2021-06-03,Paris,31.9
2021-06-04,Paris,29.53
2021-06-05,Paris,12.44
2021-06-06,Paris,16.99
2021-06-07,Paris,21.3
2021-06-08,Paris,24.57
2021-06-09,Paris,31.65
2021-06-10,Paris,28.95
2021-06-11,Paris,17.85
2021-06-12,Paris,14.4
2021-06-13,Paris,9.99
2021-06-14,Paris,25.37
2021-06-15,Paris,32.25
2021-06-16,Paris,26.89
2021-06-17,Paris,18.62
2021-06-18,Paris,12.21
2021-06-19,Paris,27.0
2021-06-20,Paris,11.4
2021-06-21,Paris,24.56
2021-06-22,Paris,18.99
2021-06-23,Paris,15.16
2021-06-24,Paris,21.01
2021-06-25,Paris,21.29
2021-06-26,Paris,13.03
2021-06-27,Paris,12.7
2021-06-28,Paris,15.81
2021-06-29,Paris,25.8
2021-06-30,Paris,21.93
2021-07-01,Paris,25.33
2021-07-02,Paris,18.06
2021-07-03,Paris,9.66
2021-07-04,Paris,10.16
2021-07-05,Paris,12.18
2021-07-06,Paris,4.74
2021-07-07,Paris,12.84
2021-07-08,Paris,19.42
2021-07-09,Paris,36.39
2021-07-10,Paris,16.24
2021-07-11,Paris,11.41
2021-07-12,Paris,14.65
2021-07-13,Paris,14.75
2021-07-14,Paris,10.54
2021-07-15,Paris,8.94
2021-07-16,Paris,9.71
2021-07-17,Paris,8.73
2021-07-18,Paris,6.75
2021-07-19,Paris,10.07
2021-07-20,Paris,13.07
2021-07-21,Paris,14.17
2021-07-22,Paris,13.6
2021-07-23,Paris,9.92
2021-07-24,Paris,5.94
2021-07-25,Paris,6.47
2021-07-26,Paris,18.03
2021-07-27,Paris,11.0
2021-07-28,Paris,7.42
2021-07-29,Paris,11.98
2021-07-30,Paris,8.1
2021-07-31,Paris,9.84
2021-08-01,Paris,15.66
2021-08-02,Paris,20.54
2021-08-03,Paris,25.7
2021-08-04,Paris,32.82
2021-08-05,Paris,15.56
2021-08-06,Paris,6.8
2021-08-07,Paris,5.91
2021-08-08,Paris,5.9
2021-08-09,Paris,10.28
2021-08-10,Paris,20.58
2021-08-11,Paris,41.78
2021-08-12,Paris,32.73
2021-08-13,Paris,24.97
2021-08-14,Paris,22.51
2021-08-15,Paris,18.23
2021-08-16,Paris,10.27
2021-08-17,Paris,18.09
2021-08-18,Paris,19.52
2021-08-19,Paris,32.61
2021-08-20,Paris,30.75
2021-08-21,Paris,15.29
2021-08-22,Paris,8.77
2021-08-23,Paris,14.91
2021-08-24,Paris,9.22
2021-08-25,Paris,10.83
2021-08-26,Paris,14.98
2021-08-27,Paris,12.98
2021-08-28,Paris,11.48
2021-08-29,Paris,9.83
2021-08-30,Paris,12.42
2021-08-31,Paris,11.42
2021-09-01,Paris,12.46
2021-09-02,Paris,15.52
2021-09-03,Paris,37.12
2021-09-04,Paris,39.19
2021-09-05,Paris,31.88
2021-09-06,Paris,30.67
2021-09-07,Paris,20.49
2021-09-08,Paris,15.59
2021-09-09,Paris,21.4
2021-09-10,Paris,26.86
2021-09-11,Paris,33.69
2021-09-12,Paris,45.48
2021-09-13,Paris,22.89
2021-09-14,Paris,26.09
2021-09-15,Paris,27.88
2021-09-16,Paris,44.74
2021-09-17,Paris,41.96
2021-09-18,Paris,25.68
2021-09-19,Paris,25.78
2021-09-20,Paris,34.95
2021-09-21,Paris,29.33
2021-09-22,Paris,39.84
2021-09-23,Paris,51.66
2021-09-24,Paris,55.99
2021-09-25,Paris,26.57
2021-09-26,Paris,18.45
2021-09-27,Paris,25.9
2021-09-28,Paris,27.61
2021-09-29,Paris,18.29
2021-09-30,Paris,28.75
2021-10-01,Paris,19.5
2021-10-02,Paris,12.7
2021-10-03,Paris,14.81
2021-10-04,Paris,17.63
2021-10-05,Paris,12.03
2021-10-06,Paris,25.07
2021-10-07,Paris,47.24
2021-10-08,Paris,25.73
2021-10-09,Paris,28.89
2021-10-10,Paris,37.34
2021-10-11,Paris,37.96
2021-10-12,Paris,40.0
2021-10-13,Paris,58.59
2021-10-14,Paris,70.92
2021-10-15,Paris,69.59
2021-10-16,Paris,34.97
2021-10-17,Paris,33.32
2021-10-18,Paris,27.46
2021-10-19,Paris,17.85
2021-10-20,Paris,9.34
2021-10-21,Paris,27.19
2021-10-22,Paris,43.62
2021-10-23,Paris,41.54
2021-10-24,Paris,25.43
2021-10-25,Paris,30.54
2021-10-26,Paris,28.46
2021-10-27,Paris,31.38
2021-10-28,Paris,20.15
2021-10-29,Paris,16.65
2021-10-30,Paris,16.01
2021-10-31,Paris,12.56
2021-11-01,Paris,19.96
2021-11-02,Paris,28.08
2021-11-03,Paris,40.57
2021-11-04,Paris,38.29
2021-11-05,Paris,50.07
2021-11-06,Paris,44.97
2021-11-07,Paris,32.64
2021-11-08,Paris,65.95
2021-11-09,Paris,58.61
2021-11-10,Paris,72.94
2021-11-11,Paris,71.63
2021-11-12,Paris,36.24
2021-11-13,Paris,27.25
2021-11-14,Paris,27.55
2021-11-15,Paris,35.5
2021-11-16,Paris,52.37
2021-11-17,Paris,44.73
2021-11-18,Paris,68.83
2021-11-19,Paris,56.79
2021-11-20,Paris,49.4
2021-11-21,Paris,40.53
2021-11-22,Paris,25.0
2021-11-23,Paris,32.38
2021-11-24,Paris,41.27
2021-11-25,Paris,50.77
2021-11-26,Paris,30.8
2021-11-27,Paris,24.95
2021-11-28,Paris,21.22
2021-11-29,Paris,52.78
2021-11-30,Paris,18.06
2021-12-01,Paris,21.52
2021-12-02,Paris,40.63
2021-12-03,Paris,32.86
2021-12-04,Paris,17.49
2021-12-05,Paris,24.62
2021-12-06,Paris,36.48
2021-12-07,Paris,22.28
2021-12-08,Paris,29.56
2021-12-09,Paris,27.68
2021-12-10,Paris,20.87
2021-12-11,Paris,36.47
2021-12-12,Paris,26.35
2021-12-13,Paris,34.12
2021-12-14,Paris,70.46
2021-12-15,Paris,74.6
2021-12-16,Paris,44.47
2021-12-17,Paris,33.44
2021-12-18,Paris,28.39
2021-12-19,Paris,29.33
2021-12-20,Paris,38.4
2021-12-21,Paris,44.63
2021-12-22,Paris,39.98
2021-12-23,Paris,32.78
2021-12-24,Paris,28.0
2021-12-25,Paris,24.26
2021-12-26,Paris,21.96
2021-12-27,Paris,21.9
2021-12-28,Paris,14.99
2021-12-29,Paris,23.71
2021-12-30,Paris,25.06
2021-12-31,Paris,27.0
2022-01-01,Paris,23.23
2022-01-02,Paris,16.92
2022-01-03,Paris,17.16
2022-01-04,Paris,32.35
2022-01-05,Paris,44.1
2022-01-06,Paris,52.2
2022-01-07,Paris,24.93
2022-01-08,Paris,19.52
2022-01-09,Paris,31.85
2022-01-10,Paris,54.09
2022-01-11,Paris,55.72
2022-01-12,Paris,67.7
2022-01-13,Paris,49.94
2022-01-14,Paris,52.34
2022-01-15,Paris,55.65
2022-01-16,Paris,40.48
2022-01-17,Paris,65.85
2022-01-18,Paris,45.07
2022-01-19,Paris,45.81
2022-01-20,Paris,50.58
2022-01-21,Paris,62.83
2022-01-22,Paris,71.6
2022-01-23,Paris,94.59
2022-01-24,Paris,44.87
2022-01-25,Paris,92.14
2022-01-26,Paris,58.78
2022-01-27,Paris,40.5
2022-01-28,Paris,57.36
2022-01-29,Paris,22.94
2022-01-30,Paris,52.78
2022-01-31,Paris,31.05
2022-02-01,Paris,37.41
2022-02-02,Paris,40.25
2022-02-03,Paris,38.21
2022-02-04,Paris,33.34
2022-02-05,Paris,29.45
2022-02-06,Paris,10.65
2022-02-07,Paris,50.87
2022-02-08,Paris,44.1
2022-02-09,Paris,54.65
2022-02-10,Paris,36.43
2022-02-11,Paris,65.69
2022-02-12,Paris,36.5
2022-02-13,Paris,18.79
2022-02-14,Paris,23.89
2022-02-15,Paris,23.29
2022-02-16,Paris,13.88
2022-02-17,Paris,20.35
2022-02-18,Paris,14.55
2022-02-19,Paris,12.8
2022-02-20,Paris,7.11
2022-02-21,Paris,15.41
2022-02-22,Paris,28.97
2022-02-23,Paris,53.14
2022-02-24,Paris,26.03
2022-02-25,Paris,42.57
2022-02-26,Paris,38.69
2022-02-27,Paris,26.39
2022-02-28,Paris,49.05
2022-03-01,Paris,56.28
2022-03-02,Paris,50.64
2022-03-03,Paris,49.52
2022-03-04,Paris,54.34
2022-03-05,Paris,53.03
2022-03-06,Paris,34.7
2022-03-07,Paris,22.34
2022-03-08,Paris,34.71
2022-03-09,Paris,36.32
2022-03-10,Paris,35.51
2022-03-11,Paris,17.96
2022-03-12,Paris,14.09
2022-03-13,Paris,15.3
2022-03-14,Paris,31.85
2022-03-15,Paris,40.29
2022-03-16,Paris,34.75
2022-03-17,Paris,34.49
2022-03-18,Paris,22.58
2022-03-19,Paris,12.16
2022-03-20,Paris,31.77
2022-03-21,Paris,39.05
2022-03-22,Paris,38.89
2022-03-23,Paris,50.96
2022-03-24,Paris,54.39
2022-03-25,Paris,40.77
2022-03-26,Paris,23.67
2022-03-27,Paris,40.68
2022-03-28,Paris,66.26
2022-03-29,Paris,61.99
2022-03-30,Paris,60.48
2022-03-31,Paris,32.15
2022-04-01,Paris,15.45
2022-04-02,Paris,19.85
2022-04-03,Paris,27.66
2022-04-04,Paris,33.05
2022-04-05,Paris,20.29
2022-04-06,Paris,15.32
2022-04-07,Paris,8.26
2022-04-08,Paris,30.01
2022-04-09,Paris,36.19
2022-04-10,Paris,37.69
2022-04-11,Paris,18.51
2022-04-12,Paris,26.49
2022-04-13,Paris,55.25
2022-04-14,Paris,52.74
2022-04-15,Paris,32.27
2022-04-16,Paris,19.46
2022-04-17,Paris,22.32
2022-04-18,Paris,61.99
2022-04-19,Paris,37.17
2022-04-20,Paris,30.56
2022-04-21,Paris,24.86
2022-04-22,Paris,18.95
2022-04-23,Paris,16.74
2022-04-24,Paris,32.55
2022-04-25,Paris,27.98
2022-04-26,Paris,32.54
2022-04-27,Paris,22.41
2022-04-28,Paris,30.45
2022-04-29,Paris,33.11
2022-04-30,Paris,19.16
2022-05-01,Paris,18.88
2022-05-02,Paris,24.87
2022-05-03,Paris,19.04
2022-05-04,Paris,33.62
2022-05-05,Paris,23.25
2022-05-06,Paris,33.1
2022-05-07,Paris,29.42
2022-05-08,Paris,16.07
2022-05-09,Paris,42.66
2022-05-10,Paris,33.62
2022-05-11,Paris,22.24
2022-05-12,Paris,21.81
2022-05-13,Paris,41.46
2022-05-14,Paris,25.07
2022-05-15,Paris,14.65
2022-05-16,Paris,27.73
2022-05-17,Paris,40.86
2022-05-18,Paris,19.93
2022-05-19,Paris,22.33
2022-05-20,Paris,27.05
2022-05-21,Paris,36.05
2022-05-22,Paris,20.34
2022-05-23,Paris,18.81
2022-05-24,Paris,18.45
2022-05-25,Paris,18.77
2022-05-26,Paris,15.19
2022-05-27,Paris,19.89
2022-05-28,Paris,17.46
2022-05-29,Paris,10.88
2022-05-30,Paris,22.44
2022-05-31,Paris,33.38
2022-06-01,Paris,28.68
2022-06-02,Paris,11.08
2022-06-03,Paris,23.68
2022-06-04,Paris,19.7
2022-06-05,Paris,14.84
2022-06-06,Paris,14.39
2022-06-07,Paris,11.46
2022-06-08,Paris,11.52
2022-06-09,Paris,16.28
2022-06-10,Paris,17.62
2022-06-11,Paris,16.77
2022-06-12,Paris,13.0
2022-06-13,Paris,23.37
2022-06-14,Paris,14.63
2022-06-15,Paris,21.92
2022-06-16,Paris,29.71
2022-06-17,Paris,53.29
2022-06-18,Paris,19.73
2022-06-19,Paris,14.77
2022-06-20,Paris,10.64
2022-06-21,Paris,14.57
2022-06-22,Paris,24.4
2022-06-23,Paris,19.13
2022-06-24,Paris,11.45
2022-06-25,Paris,20.34
2022-06-26,Paris,11.9
2022-06-27,Paris,20.29
2022-06-28,Paris,26.19
2022-06-29,Paris,18.97
2022-06-30,Paris,23.7
2022-07-01,Paris,18.63
2022-07-02,Paris,17.24
2022-07-03,Paris,13.12
2022-07-04,Paris,16.61
2022-07-05,Paris,13.25
2022-07-06,Paris,17.33
2022-07-07,Paris,11.02
2022-07-08,Paris,18.72
2022-07-09,Paris,15.64
2022-07-10,Paris,6.05
2022-07-11,Paris,8.07
2022-07-12,Paris,24.08
2022-07-13,Paris,18.77
2022-07-14,Paris,14.63
2022-07-15,Paris,9.69
2022-07-16,Paris,9.45
2022-07-17,Paris,8.33
2022-07-18,Paris,15.82
2022-07-19,Paris,8.12
2022-07-20,Paris,9.85
2022-07-22,Paris,26.8
2022-07-23,Paris,15.84
2022-07-24,Paris,15.84
2022-07-25,Paris,13.63
2022-07-26,Paris,11.42
2022-07-27,Paris,10.52
2022-07-28,Paris,16.84
2022-07-29,Paris,35.57
2022-07-30,Paris,19.47
2022-07-31,Paris,12.62
2022-08-01,Paris,20.86
2022-08-02,Paris,34.79
2022-08-03,Paris,32.22
2022-08-04,Paris,22.08
2022-08-05,Paris,14.39
2022-08-06,Paris,9.05
2022-08-07,Paris,7.94
2022-08-08,Paris,10.75
2022-08-09,Paris,11.03
2022-08-10,Paris,12.42
2022-08-11,Paris,13.44
2022-08-12,Paris,15.41
2022-08-13,Paris,12.2
2022-08-14,Paris,19.22
2022-08-15,Paris,16.25
2022-08-16,Paris,29.76
2022-08-17,Paris,28.24
2022-08-18,Paris,31.1
2022-08-19,Paris,19.97
2022-08-20,Paris,33.78
2022-08-21,Paris,25.05
2022-08-22,Paris,30.24
2022-08-23,Paris,31.72
2022-08-24,Paris,25.45
2022-08-25,Paris,25.91
2022-08-26,Paris,14.06
2022-08-27,Paris,11.94
2022-08-28,Paris,11.15
2022-08-29,Paris,11.9
2022-08-30,Paris,22.55
2022-08-31,Paris,26.94
2022-09-01,Paris,22.57
2022-09-02,Paris,35.57
2022-09-03,Paris,25.55
2022-09-04,Paris,24.51
2022-09-05,Paris,41.42
2022-09-06,Paris,30.5
2022-09-07,Paris,23.67
2022-09-08,Paris,10.33
2022-09-09,Paris,11.86
2022-09-10,Paris,18.12
2022-09-11,Paris,26.13
2022-09-12,Paris,26.2
2022-09-13,Paris,47.91
2022-09-14,Paris,29.8
2022-09-15,Paris,24.08
2022-09-16,Paris,29.0
2022-09-17,Paris,27.48
2022-09-18,Paris,26.43
2022-09-19,Paris,36.35
2022-09-20,Paris,40.13
2022-09-21,Paris,32.84
2022-09-22,Paris,53.91
2022-09-23,Paris,57.59
2022-09-24,Paris,36.38
2022-09-25,Paris,23.44
2022-09-26,Paris,17.3
2022-09-27,Paris,19.39
2022-09-28,Paris,33.43
2022-09-29,Paris,53.84
2022-09-30,Paris,24.22
2022-10-01,Paris,11.14
2022-10-02,Paris,20.8
2022-10-03,Paris,31.75
2022-10-04,Paris,33.04
2022-10-05,Paris,17.64
2022-10-06,Paris,52.63
2022-10-07,Paris,55.92
2022-10-08,Paris,33.86
2022-10-09,Paris,26.61
2022-10-10,Paris,26.95
2022-10-11,Paris,30.43
2022-10-12,Paris,61.45
2022-10-13,Paris,28.83
2022-10-14,Paris,22.47
2022-10-15,Paris,14.75
2022-10-16,Paris,19.69
2022-10-17,Paris,25.4
2022-10-18,Paris,24.58
2022-10-19,Paris,15.15
2022-10-20,Paris,20.01
2022-10-21,Paris,20.23
2022-10-22,Paris,19.91
2022-10-23,Paris,12.02
2022-10-24,Paris,9.97
2022-10-25,Paris,20.31
2022-10-26,Paris,23.98
2022-10-27,Paris,24.18
2022-10-28,Paris,27.49
2022-10-29,Paris,27.15
2022-10-30,Paris,29.36
2022-10-31,Paris,21.06
2022-11-01,Paris,12.4
2022-11-02,Paris,21.82
2022-11-03,Paris,25.96
2022-11-04,Paris,28.17
2022-11-05,Paris,28.92
2022-11-06,Paris,13.15
2022-11-07,Paris,16.81
2022-11-08,Paris,15.34
2022-11-09,Paris,25.3
2022-11-10,Paris,26.12
2022-11-11,Paris,30.0
2022-11-12,Paris,23.5
2022-11-13,Paris,27.22
2022-11-14,Paris,27.38
2022-11-15,Paris,20.45
2022-11-16,Paris,14.45
2022-11-17,Paris,15.82
2022-11-18,Paris,28.84
2022-11-19,Paris,41.26
2022-11-20,Paris,23.87
2022-11-21,Paris,21.8
2022-11-22,Paris,14.47
2022-11-23,Paris,20.52
2022-11-24,Paris,20.03
2022-11-25,Paris,36.45
2022-11-26,Paris,26.16
2022-11-27,Paris,23.4
2022-11-28,Paris,32.36
2022-11-29,Paris,56.61
2022-11-30,Paris,42.58
2022-12-01,Paris,32.99
2022-12-02,Paris,36.7
2022-12-03,Paris,28.24
2022-12-04,Paris,29.67
2022-12-05,Paris,48.67
2022-12-06,Paris,57.98
2022-12-07,Paris,63.35
2022-12-08,Paris,63.61
2022-12-09,Paris,64.43
2022-12-11,Paris,35.68
2022-12-12,Paris,39.94
2022-12-13,Paris,40.55
2022-12-14,Paris,44.51
2022-12-15,Paris,51.07
2022-12-16,Paris,56.64
2022-12-17,Paris,44.81
2022-12-18,Paris,31.56
2022-12-19,Paris,22.48
2022-12-20,Paris,19.67
2022-12-21,Paris,21.43
2022-12-22,Paris,15.03
2022-12-23,Paris,19.68
2022-12-24,Paris,21.06
2022-12-25,Paris,19.36
2022-12-26,Paris,33.74
2022-12-27,Paris,33.38
2022-12-28,Paris,12.17
2022-12-29,Paris,19.6
2022-12-30,Paris,14.16
2022-12-31,Paris,9.51
2023-01-01,Paris,19.58
2023-01-02,Paris,30.73
2023-01-03,Paris,24.82
2023-01-04,Paris,13.88
2023-01-05,Paris,27.62
2023-01-06,Paris,23.52
2023-01-07,Paris,14.06
2023-01-08,Paris,11.48
2023-01-09,Paris,18.45
2023-01-10,Paris,21.95
2023-01-11,Paris,20.2
2023-01-12,Paris,11.42
2023-01-13,Paris,20.85
2023-01-14,Paris,11.39
2023-01-15,Paris,10.73
2023-01-16,Paris,23.26
2023-01-17,Paris,42.47
2023-01-18,Paris,47.3
2023-01-19,Paris,44.28
2023-01-20,Paris,46.51
2023-01-21,Paris,33.82
2023-01-22,Paris,33.35
2023-01-23,Paris,31.81
2023-01-24,Paris,40.0
2023-01-25,Paris,59.83
2023-01-26,Paris,69.84
2023-01-27,Paris,30.54
2023-01-28,Paris,40.73
2023-01-29,Paris,62.79
2023-01-30,Paris,46.47
2023-01-31,Paris,49.24
2023-02-01,Paris,32.19
2023-02-02,Paris,37.07
2023-02-03,Paris,38.81
2023-02-04,Paris,44.11
2023-02-05,Paris,33.22
2023-02-06,Paris,37.28
2023-02-07,Paris,38.17
2023-02-08,Paris,55.21
2023-02-09,Paris,87.08
2023-02-10,Paris,59.22
2023-02-11,Paris,79.44
2023-02-12,Paris,38.69
2023-02-13,Paris,50.65
2023-02-14,Paris,60.35
2023-02-15,Paris,44.77
2023-02-16,Paris,33.74
2023-02-17,Paris,28.55
2023-02-18,Paris,18.66
2023-02-19,Paris,38.21
2023-02-20,Paris,79.14
2023-02-21,Paris,81.83
2023-02-22,Paris,36.74
2023-02-23,Paris,42.5
2023-02-25,Paris,27.05
2023-02-26,Paris,17.17
2023-02-27,Paris,25.08
2023-02-28,Paris,38.22
2023-03-01,Paris,40.68
2023-03-02,Paris,53.25
2023-03-03,Paris,44.44
2023-03-04,Paris,45.26
2023-03-05,Paris,51.91
2023-03-06,Paris,41.83
2023-03-07,Paris,21.76
2023-03-08,Paris,13.18
2023-03-09,Paris,11.62
2023-03-10,Paris,26.84
2023-03-11,Paris,37.79
2023-03-12,Paris,13.94
2023-03-13,Paris,9.23
2023-03-14,Paris,27.54
2023-03-15,Paris,44.3
2023-03-16,Paris,28.7
2023-03-17,Paris,29.57
2023-03-18,Paris,16.51
2023-03-19,Paris,35.24
2023-03-20,Paris,47.92
2023-03-21,Paris,30.1
2023-03-22,Paris,12.85
2023-03-23,Paris,10.01
2023-03-24,Paris,9.87
2023-03-25,Paris,13.58
2023-03-26,Paris,13.26
2023-03-27,Paris,41.54
2023-03-28,Paris,32.02
2023-03-29,Paris,22.88
2023-03-30,Paris,11.76
2023-03-31,Paris,8.19
2023-04-01,Paris,12.15
2023-04-02,Paris,15.34
2023-04-03,Paris,20.05
2023-04-04,Paris,36.67
2023-04-05,Paris,81.4
2023-04-06,Paris,40.27
2023-04-07,Paris,37.47
2023-04-08,Paris,31.69
2023-04-09,Paris,31.46
2023-04-10,Paris,20.15
2023-04-11,Paris,15.81
2023-04-12,Paris,10.86
2023-04-13,Paris,22.71
2023-04-14,Paris,23.49
2023-04-15,Paris,26.13
2023-04-16,Paris,30.04
2023-04-17,Paris,28.7
2023-04-18,Paris,20.06
2023-04-19,Paris,17.09
2023-04-20,Paris,22.98
2023-04-21,Paris,46.37
2023-04-22,Paris,21.15
2023-04-23,Paris,13.78
2023-04-24,Paris,20.73
2023-04-25,Paris,39.14
2023-04-26,Paris,35.34
2023-04-27,Paris,25.5
2023-04-28,Paris,23.28
2023-04-29,Paris,24.82
2023-04-30,Paris,35.41
2023-05-01,Paris,34.21
2023-05-02,Paris,21.47
2023-05-03,Paris,14.68
2023-05-04,Paris,13.53
2023-05-05,Paris,21.06
2023-05-06,Paris,26.69
2023-05-07,Paris,25.06
2023-05-08,Paris,30.34
2023-05-09,Paris,17.86
2023-05-10,Paris,19.38
2023-05-11,Paris,30.92
2023-05-12,Paris,28.83
2023-05-13,Paris,17.37
2023-05-14,Paris,18.25
2023-05-15,Paris,24.4
2023-05-16,Paris,16.84
2023-05-17,Paris,19.11
2023-05-18,Paris,18.78
2023-05-19,Paris,18.92
2023-05-20,Paris,13.91
2023-05-21,Paris,12.95
2023-05-22,Paris,19.66
2023-05-23,Paris,11.84
2023-05-24,Paris,17.34
2023-05-25,Paris,12.7
2023-05-26,Paris,13.61
2023-05-27,Paris,14.09
2023-05-28,Paris,12.77
2023-05-29,Paris,10.19
2023-05-30,Paris,10.23
2023-05-31,Paris,11.44
2023-06-01,Paris,9.54
2023-06-02,Paris,10.36
2023-06-03,Paris,8.25
2023-06-04,Paris,7.79
2023-06-05,Paris,11.49
2023-06-06,Paris,14.22
2023-06-07,Paris,12.4
2023-06-08,Paris,11.99
2023-06-09,Paris,15.06
2023-06-10,Paris,16.37
2023-06-11,Paris,29.79
2023-06-12,Paris,20.75
2023-06-13,Paris,24.58
2023-06-14,Paris,29.66
2023-06-15,Paris,32.76
2023-06-16,Paris,33.15
2023-06-17,Paris,26.1
2023-06-18,Paris,18.49
2023-06-19,Paris,19.46
2023-06-20,Paris,16.95
2023-06-21,Paris,30.08
2023-06-22,Paris,17.95
2023-06-23,Paris,32.49
2023-06-24,Paris,17.07
2023-06-25,Paris,13.68
2023-06-26,Paris,12.92
2023-06-27,Paris,22.25
2023-06-28,Paris,36.68
2023-06-29,Paris,25.27
2023-06-30,Paris,10.54
2023-07-01,Paris,4.6
2023-07-02,Paris,5.18
2023-07-03,Paris,9.34
2023-07-04,Paris,14.11
2023-07-05,Paris,12.34
2023-07-06,Paris,16.9
2023-07-07,Paris,9.8
2023-07-08,Paris,10.48
2023-07-09,Paris,17.69
2023-07-10,Paris,18.01
2023-07-11,Paris,13.83
2023-07-12,Paris,11.98
2023-07-13,Paris,16.93
2023-07-14,Paris,12.78
2023-07-15,Paris,3.3
2023-07-16,Paris,3.81
2023-07-17,Paris,16.55
2023-07-18,Paris,19.65
2023-07-19,Paris,10.16
2023-07-20,Paris,17.03
2023-07-21,Paris,12.15
2023-07-22,Paris,10.59
2023-07-23,Paris,3.75
2023-07-24,Paris,12.08
2023-07-25,Paris,17.97
2023-07-26,Paris,12.63
2023-07-27,Paris,7.95
2023-07-28,Paris,9.61
2023-07-29,Paris,10.1
2023-07-30,Paris,5.76
2023-07-31,Paris,5.11
2023-08-01,Paris,7.04
2023-08-02,Paris,3.94
2023-08-03,Paris,16.34
2023-08-04,Paris,20.17
2023-08-05,Paris,9.69
2023-08-06,Paris,8.84
2023-08-07,Paris,19.94
2023-08-08,Paris,26.8
2023-08-09,Paris,24.95
2023-08-10,Paris,23.37
2023-08-11,Paris,23.82
2023-08-12,Paris,12.13
2023-08-13,Paris,17.52
2023-08-14,Paris,20.11
2023-08-15,Paris,26.24
2023-08-16,Paris,20.02
2023-08-17,Paris,17.29
2023-08-18,Paris,26.57
2023-08-19,Paris,19.54
2023-08-20,Paris,23.14
2023-08-21,Paris,35.61
2023-08-22,Paris,24.48
2023-08-23,Paris,19.15
2023-08-24,Paris,19.05
2023-08-25,Paris,24.17
2023-08-26,Paris,17.67
2023-08-27,Paris,14.29
2023-08-28,Paris,20.56
2023-08-29,Paris,30.05
2023-08-30,Paris,21.72
2023-08-31,Paris,20.82
2023-09-01,Paris,19.41
2023-09-02,Paris,21.77
2023-09-03,Paris,15.05
2023-09-04,Paris,15.59
2023-09-05,Paris,47.02
2023-09-06,Paris,39.39
2023-09-07,Paris,41.56
2023-09-08,Paris,52.72
2023-09-09,Paris,33.08
2023-09-10,Paris,27.88
2023-09-11,Paris,41.75
2023-09-12,Paris,50.69
2023-09-13,Paris,48.33
2023-09-14,Paris,41.33
2023-09-15,Paris,29.64
2023-09-16,Paris,27.47
2023-09-17,Paris,23.17
2023-09-18,Paris,14.69
2023-09-19,Paris,14.98
2023-09-20,Paris,9.53
2023-09-21,Paris,14.13
2023-09-22,Paris,17.39
2023-09-23,Paris,29.59
2023-09-24,Paris,22.73
2023-09-25,Paris,43.15
2023-09-26,Paris,39.11
2023-09-27,Paris,26.23
2023-09-28,Paris,30.31
2023-09-29,Paris,22.16
2023-09-30,Paris,36.67
2023-10-02,Paris,28.01
2023-10-03,Paris,28.49
2023-10-04,Paris,43.35
2023-10-05,Paris,43.78
2023-10-06,Paris,47.97
2023-10-07,Paris,40.88
2023-10-08,Paris,53.69
2023-10-09,Paris,85.91
2023-10-10,Paris,41.57
2023-10-11,Paris,29.07
2023-10-12,Paris,22.93
2023-10-13,Paris,12.83
2023-10-14,Paris,23.8
2023-10-15,Paris,34.38
2023-10-16,Paris,20.7
2023-10-17,Paris,23.44
2023-10-18,Paris,13.3
2023-10-19,Paris,14.26
2023-10-20,Paris,25.08
2023-10-21,Paris,6.27
2023-10-22,Paris,18.37
2023-10-23,Paris,28.39
2023-10-24,Paris,22.48
2023-10-25,Paris,18.9
2023-10-26,Paris,16.89
2023-10-27,Paris,13.17
2023-10-28,Paris,7.67
2023-10-29,Paris,7.9
2023-10-30,Paris,23.48
2023-10-31,Paris,19.15
2023-11-01,Paris,14.33
2023-11-02,Paris,8.15
2023-11-03,Paris,19.9
2023-11-04,Paris,8.31
2023-11-05,Paris,10.09
2023-11-06,Paris,18.63
2023-11-07,Paris,21.86
2023-11-08,Paris,16.93
2023-11-09,Paris,17.14
2023-11-10,Paris,17.8
2023-11-11,Paris,28.92
2023-11-12,Paris,20.38
2023-11-13,Paris,14.26
2023-11-14,Paris,14.83
2023-11-15,Paris,27.25
2023-11-16,Paris,29.82
2023-11-17,Paris,40.21
2023-11-18,Paris,18.33
2023-11-19,Paris,12.21
2023-11-20,Paris,21.61
2023-11-21,Paris,37.49
2023-11-22,Paris,46.08
2023-11-23,Paris,38.68
2023-11-24,Paris,29.2
2023-11-25,Paris,39.63
2023-11-26,Paris,44.22
2023-11-27,Paris,21.58
2023-11-28,Paris,44.89
2023-11-29,Paris,41.26
2023-11-30,Paris,36.89
2023-12-01,Paris,43.54
2023-12-02,Paris,48.43
2023-12-03,Paris,25.54
2023-12-04,Paris,16.26
2023-12-05,Paris,26.29
2023-12-06,Paris,60.45
2023-12-07,Paris,28.02
2023-12-08,Paris,35.83
2023-12-09,Paris,13.28
2023-12-10,Paris,13.96
2023-12-11,Paris,28.5
2023-12-12,Paris,24.26
2023-12-13,Paris,31.38
2023-12-14,Paris,34.22
2023-12-15,Paris,50.54
2023-12-16,Paris,55.18
2023-12-17,Paris,42.48
2023-12-18,Paris,39.14
2023-12-19,Paris,24.25
2023-12-20,Paris,29.1
2023-12-21,Paris,17.44
2023-12-22,Paris,20.39
2023-12-23,Paris,15.88
2023-12-24,Paris,13.09
2023-12-25,Paris,17.32
2023-12-26,Paris,28.24
2023-12-27,Paris,20.92
2023-12-28,Paris,18.25
2023-12-29,Paris,16.85
2023-12-30,Paris,14.92
2023-12-31,Paris,8.35
2024-01-01,Paris,17.87
2024-01-02,Paris,10.96
2024-01-03,Paris,12.36
2024-01-04,Paris,18.3
2024-01-05,Paris,40.59
2024-01-06,Paris,37.12
2024-01-07,Paris,29.9
2024-01-08,Paris,29.61
2024-01-09,Paris,22.96
2024-01-10,Paris,49.38
2024-01-11,Paris,53.1
2024-01-12,Paris,46.28
2024-01-13,Paris,44.18
2024-01-14,Paris,64.15
2024-01-15,Paris,61.78
2024-01-16,Paris,104.87
2024-01-17,Paris,40.69
2024-01-18,Paris,52.85
2024-01-19,Paris,107.79
2024-01-20,Paris,51.15
2024-01-21,Paris,13.91
2024-01-22,Paris,14.69
2024-01-23,Paris,22.19
2024-01-24,Paris,28.81
2024-01-25,Paris,31.77
2024-01-26,Paris,47.39
2024-01-27,Paris,56.24
2024-01-28,Paris,33.26
2024-01-29,Paris,33.7
2024-01-30,Paris,50.97
2024-01-31,Paris,51.85
2024-02-01,Paris,47.66
2024-02-02,Paris,48.71
2024-02-03,Paris,28.95
2024-02-04,Paris,24.3
2024-02-05,Paris,28.73
2024-02-06,Paris,16.88
2024-02-07,Paris,18.12
2024-02-08,Paris,18.08
2024-02-09,Paris,19.41
2024-02-10,Paris,30.52
2024-02-11,Paris,17.0
2024-02-12,Paris,50.85
2024-02-13,Paris,34.12
2024-02-14,Paris,28.37
2024-02-15,Paris,34.39
2024-02-16,Paris,39.57
2024-02-17,Paris,50.07
2024-02-18,Paris,24.44
2024-02-19,Paris,35.39
2024-02-20,Paris,40.76
2024-02-21,Paris,22.57
2024-02-22,Paris,11.8
2024-02-23,Paris,16.47
2024-02-24,Paris,16.4
2024-02-25,Paris,17.64
2024-02-26,Paris,33.73
2024-02-27,Paris,38.07
2024-02-28,Paris,53.08
2024-02-29,Paris,23.0
2024-03-01,Paris,13.97
2024-03-02,Paris,21.43
2024-03-03,Paris,49.38
2024-03-04,Paris,42.87
2024-03-05,Paris,26.81
2024-03-06,Paris,57.84
2024-03-07,Paris,27.69
2024-03-08,Paris,17.79
2024-03-09,Paris,10.82
2024-03-10,Paris,42.46
2024-03-11,Paris,32.21
2024-03-12,Paris,26.69
2024-03-13,Paris,29.39
2024-03-14,Paris,25.17
2024-03-15,Paris,14.51
2024-03-16,Paris,28.21
2024-03-17,Paris,28.97
2024-03-18,Paris,42.89
2024-03-19,Paris,49.4
2024-03-20,Paris,49.59
2024-03-21,Paris,63.5
2024-03-22,Paris,45.09
2024-03-23,Paris,11.76
2024-03-24,Paris,22.97
2024-03-25,Paris,29.52
2024-03-26,Paris,24.57
2024-03-27,Paris,15.05
2024-03-28,Paris,8.79
2024-03-29,Paris,25.84
2024-03-30,Paris,37.37
2024-03-31,Paris,19.86
2024-04-01,Paris,12.37
2024-04-02,Paris,11.38
2024-04-03,Paris,11.54
2024-04-04,Paris,9.46
2024-04-05,Paris,20.6
2024-04-06,Paris,15.43
2024-04-07,Paris,22.0
2024-04-08,Paris,26.54
2024-04-09,Paris,12.07
2024-04-10,Paris,28.7
2024-04-11,Paris,32.81
2024-04-12,Paris,34.19
2024-04-13,Paris,21.12
2024-04-14,Paris,32.37
2024-04-15,Paris,16.65
2024-04-16,Paris,14.37
2024-04-17,Paris,25.81
2024-04-18,Paris,44.02
2024-04-19,Paris,23.85
2024-04-20,Paris,17.6
2024-04-21,Paris,17.68
2024-04-22,Paris,22.65
2024-04-23,Paris,28.89
2024-04-24,Paris,30.52
2024-04-25,Paris,50.3
2024-04-26,Paris,30.29
2024-04-27,Paris,14.16
2024-04-28,Paris,11.82
2024-04-29,Paris,29.03
2024-04-30,Paris,30.5
2024-05-01,Paris,28.71
2024-05-02,Paris,13.62
2024-05-03,Paris,16.57
2024-05-04,Paris,23.97
2024-05-05,Paris,20.6
2024-05-06,Paris,19.17
2024-05-07,Paris,18.92
2024-05-08,Paris,21.54
2024-05-09,Paris,26.1
2024-05-10,Paris,19.15
2024-05-11,Paris,17.13
2024-05-12,Paris,21.44
2024-05-13,Paris,15.11
2024-05-14,Paris,15.93
2024-05-15,Paris,16.82
2024-05-16,Paris,25.22
2024-05-17,Paris,30.4
2024-05-18,Paris,37.23
2024-05-19,Paris,28.69
2024-05-20,Paris,20.71
2024-05-21,Paris,34.07
2024-05-22,Paris,19.14
2024-05-23,Paris,22.87
2024-05-24,Paris,43.98
2024-05-25,Paris,30.21
2024-05-26,Paris,15.99
2024-05-27,Paris,24.58
2024-05-28,Paris,15.75
2024-05-29,Paris,17.61
2024-05-30,Paris,17.1
2024-05-31,Paris,14.62
2024-06-01,Paris,8.76
2024-06-02,Paris,9.37
2024-06-03,Paris,27.85
2024-06-04,Paris,21.74
2024-06-05,Paris,20.38
2024-06-06,Paris,25.97
2024-06-07,Paris,31.78
2024-06-08,Paris,18.85
2024-06-09,Paris,14.37
2024-06-10,Paris,18.52
2024-06-11,Paris,23.8
2024-06-12,Paris,29.06
2024-06-13,Paris,21.1
2024-06-14,Paris,6.9
2024-06-15,Paris,3.74
2024-06-16,Paris,5.86
2024-06-17,Paris,15.36
2024-06-18,Paris,25.77
2024-06-19,Paris,12.27
2024-06-20,Paris,16.22
2024-06-21,Paris,19.7
2024-06-22,Paris,11.03
2024-06-23,Paris,24.57
2024-06-24,Paris,18.46
2024-06-25,Paris,18.4
2024-06-26,Paris,35.02
2024-06-27,Paris,22.25
2024-06-28,Paris,26.25
2024-06-29,Paris,12.87
2024-06-30,Paris,10.91
2024-07-01,Paris,12.65
2024-07-02,Paris,15.27
2024-07-03,Paris,13.39
2024-07-04,Paris,9.08
2024-07-05,Paris,13.58
2024-07-06,Paris,6.12
2024-07-07,Paris,10.65
2024-07-08,Paris,19.4
2024-07-09,Paris,14.34
2024-07-10,Paris,12.55
2024-07-11,Paris,19.66
2024-07-12,Paris,17.37
2024-07-13,Paris,24.09
2024-07-14,Paris,29.05
2024-07-15,Paris,12.06
2024-07-16,Paris,10.22
2024-07-17,Paris,24.49
2024-07-18,Paris,18.43
2024-07-19,Paris,24.34
2024-07-20,Paris,16.12
2024-07-21,Paris,9.84
2024-07-22,Paris,8.99
2024-07-23,Paris,6.68
2024-07-25,Paris,24.11
2024-07-26,Paris,26.03
2024-07-27,Paris,21.01
2024-07-28,Paris,10.23
2024-07-29,Paris,10.59
2024-07-30,Paris,21.45
2024-07-31,Paris,23.74
2024-08-01,Paris,29.32
2024-08-02,Paris,23.55
2024-08-03,Paris,17.65
2024-08-04,Paris,23.79
2024-08-05,Paris,-392.22
2024-08-06,Paris,20.79
2024-08-07,Paris,19.0
2024-08-08,Paris,26.58
2024-08-09,Paris,19.72
2024-08-10,Paris,29.59
2024-08-11,Paris,-405.8
2024-08-12,Paris,15.17
2024-08-13,Paris,30.3
2024-08-14,Paris,49.33
2024-08-15,Paris,28.54
2024-08-16,Paris,16.24
2024-08-17,Paris,19.95
2024-08-18,Paris,14.29
2024-08-19,Paris,29.55
2024-08-20,Paris,15.48
2024-08-21,Paris,24.99
2024-08-22,Paris,14.38
2024-08-23,Paris,8.78
2024-08-24,Paris,6.61
2024-08-25,Paris,21.45
2024-08-26,Paris,34.55
2024-08-27,Paris,40.64
2024-08-28,Paris,36.84
2024-08-29,Paris,25.52
2024-08-30,Paris,16.56
2024-08-31,Paris,12.71
2024-09-01,Paris,20.74
2024-09-02,Paris,26.73
2024-09-03,Paris,30.82
2024-09-04,Paris,52.89
2024-09-05,Paris,35.93
2024-09-06,Paris,21.28
2024-09-07,Paris,14.57
2024-09-08,Paris,6.79
2024-09-09,Paris,6.77
2024-09-10,Paris,13.21
2024-09-11,Paris,16.28
2024-09-12,Paris,24.07
2024-09-13,Paris,26.2
2024-09-14,Paris,27.41
2024-09-15,Paris,40.07
2024-09-16,Paris,30.14
2024-09-17,Paris,14.7
2024-09-18,Paris,14.01
2024-09-19,Paris,13.23
2024-09-20,Paris,29.59
2024-09-21,Paris,17.07
2024-09-22,Paris,16.76
2024-09-23,Paris,14.32
2024-09-24,Paris,21.64
2024-09-25,Paris,13.98
2024-09-26,Paris,9.79
2024-09-27,Paris,10.51
2024-09-28,Paris,36.1
2024-09-29,Paris,24.63
2024-09-30,Paris,8.27
2024-10-01,Paris,23.43
2024-10-02,Paris,29.69
2024-10-03,Paris,24.78
2024-10-04,Paris,39.68
2024-10-05,Paris,22.72
2024-10-06,Paris,14.63
2024-10-07,Paris,17.74
2024-10-08,Paris,11.88
2024-10-09,Paris,23.47
2024-10-10,Paris,30.5
2024-10-11,Paris,32.64
2024-10-12,Paris,25.53
2024-10-13,Paris,38.59
2024-10-14,Paris,31.11
2024-10-15,Paris,19.6
2024-10-16,Paris,15.34
2024-10-17,Paris,24.03
2024-10-18,Paris,38.16
2024-10-19,Paris,21.82
2024-10-20,Paris,12.43
2024-10-21,Paris,30.06
2024-10-22,Paris,55.67
2024-10-23,Paris,35.31
2024-10-24,Paris,26.65
2024-10-25,Paris,26.19
2024-10-26,Paris,29.36
2024-10-27,Paris,25.45
2024-10-28,Paris,39.83
2024-10-29,Paris,39.74
2024-10-30,Paris,37.74
2024-10-31,Paris,26.82
2024-11-01,Paris,53.82
2024-11-02,Paris,24.54
2024-11-03,Paris,27.53
2024-11-04,Paris,32.39
2024-11-05,Paris,56.5
2024-11-06,Paris,69.53
2024-11-07,Paris,33.57
2024-11-08,Paris,38.5
2024-11-09,Paris,33.49
2024-11-10,Paris,35.47
2024-11-11,Paris,41.2
2024-11-12,Paris,24.17
2024-11-13,Paris,35.95
2024-11-14,Paris,53.98
2024-11-15,Paris,67.07
2024-11-16,Paris,74.63
2024-11-17,Paris,41.88
2024-11-18,Paris,21.88
2024-11-19,Paris,14.37
2024-11-20,Paris,40.6
2024-11-21,Paris,42.2
2024-11-22,Paris,37.56
2024-11-23,Paris,18.53
2024-11-24,Paris,9.69
2024-11-25,Paris,26.35
2024-11-26,Paris,31.99
2024-11-27,Paris,25.19
2024-11-28,Paris,46.21
2024-11-29,Paris,37.66
2024-11-30,Paris,44.4
2024-12-01,Paris,34.19
2024-12-02,Paris,26.67
2024-12-03,Paris,98.45
2024-12-04,Paris,76.59
2024-12-05,Paris,20.11
2024-12-06,Paris,34.95
2024-12-07,Paris,11.23
2024-12-08,Paris,16.66
2024-12-09,Paris,26.95
2024-12-10,Paris,29.1
2024-12-11,Paris,35.17
2024-12-12,Paris,42.95
2024-12-13,Paris,55.09
2024-12-14,Paris,108.49
2024-12-15,Paris,37.21
2024-12-16,Paris,39.31
2024-12-17,Paris,42.6
2024-12-18,Paris,22.13
2024-12-19,Paris,23.81
2024-12-20,Paris,36.33
2024-12-21,Paris,16.8
2024-12-22,Paris,13.95
2024-12-23,Paris,35.82
2024-12-24,Paris,48.78
2024-12-25,Paris,76.91
2024-12-26,Paris,48.47
2024-12-27,Paris,70.63
2024-12-28,Paris,53.72
2024-12-29,Paris,43.41
2024-12-30,Paris,46.87
2024-12-31,Paris,34.94
2025-01-01,Paris,15.94
2025-01-02,Paris,75.81
2025-01-03,Paris,96.33
2025-01-04,Paris,45.43
2025-01-05,Paris,13.18
2025-01-06,Paris,13.44
2025-01-07,Paris,21.5
2025-01-08,Paris,45.87
2025-01-09,Paris,37.03
2025-01-10,Paris,52.27
2025-01-11,Paris,52.62
2025-01-12,Paris,58.36
2025-01-13,Paris,57.76
2025-01-14,Paris,121.04
2025-01-15,Paris,84.28
2025-01-16,Paris,51.98
2025-01-17,Paris,72.29
2025-01-18,Paris,45.84
2025-01-19,Paris,49.55
2025-01-20,Paris,65.08
2025-01-21,Paris,53.86
2025-01-22,Paris,49.85
2025-01-23,Paris,28.59
2025-01-24,Paris,14.36
2025-01-25,Paris,31.38
2025-01-26,Paris,17.72
2025-01-27,Paris,11.82
2025-01-28,Paris,12.91
2025-01-29,Paris,21.23
2025-01-30,Paris,50.45
2025-01-31,Paris,59.39
2025-02-01,Paris,49.48
2025-02-02,Paris,59.78
2025-02-03,Paris,95.79
2025-02-04,Paris,70.72
2025-02-05,Paris,92.41
2025-02-06,Paris,41.67
2025-02-07,Paris,31.63
2025-02-08,Paris,20.19
2025-02-09,Paris,34.14
2025-02-10,Paris,43.44
2025-02-11,Paris,59.35
2025-02-12,Paris,60.55
2025-02-13,Paris,56.22
2025-02-14,Paris,43.78
2025-02-15,Paris,39.07
2025-02-16,Paris,41.9
2025-02-17,Paris,48.47
2025-02-18,Paris,40.06
2025-02-19,Paris,44.14
2025-02-20,Paris,40.08
2025-02-21,Paris,34.72
2025-02-22,Paris,32.2
2025-02-23,Paris,28.37
2025-02-24,Paris,29.71
2025-02-25,Paris,35.04
2025-02-26,Paris,29.55
2025-02-27,Paris,44.53
2025-02-28,Paris,58.63
2025-03-01,Paris,30.4
2025-03-02,Paris,29.84
2025-03-03,Paris,72.63
2025-03-04,Paris,80.2
2025-03-05,Paris,80.2
2025-03-07,Paris,36.23
2025-03-08,Paris,18.07
2025-03-09,Paris,23.02
2025-03-10,Paris,63.56
2025-03-11,Paris,65.05
2025-03-12,Paris,33.59
2025-03-13,Paris,44.15
2025-03-14,Paris,42.87
2025-03-15,Paris,23.1
2025-03-16,Paris,22.53
2025-03-17,Paris,26.59
2025-03-18,Paris,26.87
2025-03-19,Paris,40.43
2025-03-20,Paris,41.05
2025-03-21,Paris,21.0
2025-03-22,Paris,25.7
2025-03-23,Paris,28.29
2025-03-24,Paris,61.77
2025-03-25,Paris,64.38
2025-03-26,Paris,78.83
2025-03-27,Paris,64.82
2025-03-28,Paris,49.8
2025-03-29,Paris,39.29
2025-03-30,Paris,87.74
2025-04-04,Paris,40.42
2025-04-05,Paris,87.74
2025-04-06,Paris,2.47
2025-04-07,Paris,3.35
2025-04-08,Paris,5.33
2025-04-09,Paris,7.76
2025-04-10,Paris,6.26
2025-04-11,Paris,5.45
2025-04-12,Paris,1.57
2025-04-13,Paris,0.7